,r2,rmse,mae,n_train,n_test
Saison 13 début -> Saison 13 fin,0.19368681627077888,1.3644313490363482,1.11570403510892,26.0,114.0
Saison 13 début -> Saison 14 début,0.0412580451645852,1.8074304388027571,1.3427904990519175,26.0,195.0
Saison 13 début -> Saison 14 fin,0.05946025409732736,1.4369269751570701,1.0476239846963098,26.0,221.0
Saison 13 fin -> Saison 14 début,0.37091789370016726,1.4640785966045693,0.9573794851941018,114.0,195.0
Saison 13 fin -> Saison 14 fin,0.42690426974858553,1.1216560617167497,0.8046779290384914,114.0,221.0
Saison 14 début -> Saison 14 fin,0.439582079224631,1.109180251540541,0.7752017181466523,195.0,221.0
