,r2,rmse,n_features
Toutes les caractéristiques,0.7304542770277047,0.7912883708527428,233.0
Sans caractéristiques temporelles,0.3086637215909698,1.267252726757934,227.0
Sans caractéristiques relatives,0.6902004651133635,0.8483185063073156,230.0
Sans statistiques de champion,0.7123911259263735,0.8173718969390913,217.0
Sans changements d'objets,0.7444501204776826,0.7704711847128974,228.0
Sans changements d'aptitudes,0.7314582299121454,0.7898133755584599,32.0
Base stats + per level uniquement,-0.13184493787335283,1.62148160842546,16.0
Caractéristiques temporelles uniquement,0.7085455640189404,0.8228182117367837,6.0
