,champion_class,count,mae,median_abs_error,std_abs_error,mse,std_squared_error,rmse
0,Assassin,22,0.41382732168517317,0.16623535633087272,0.5818351920545913,0.4943974160357269,1.1380623610678058,0.7031339957900818
1,Fighter,49,0.6302813192289696,0.23088939189910462,0.8390442015478788,1.0868824651088804,2.3765057677467816,1.0425365533682167
2,Mage,54,0.5910496189648761,0.21630960941314825,0.7539480472967299,0.9072506868043632,2.3161241405593436,0.952497079682853
3,Marksman,44,0.8014187984236266,0.2871667568385625,0.8297233482309728,1.3150665424618488,1.866673293622475,1.1467635076430749
4,Support,16,0.33381930481642375,0.12422481715679012,0.4291872953538638,0.28412445435546235,0.5573674983020347,0.5330332582076491
5,Tank,54,0.722335680132663,0.14970889806747323,1.094360647996411,1.6972158177150432,3.783344790266592,1.3027723583631343
