Model,R²,RMSE,MAE,Training_Time,Status
XGBoost,0.7320653567576492,0.7889200541279804,0.48390785863700364,0.20374321937561035,Success
Random Forest,0.7436702828634257,0.7716458765697629,0.4270989901887561,0.24028396606445312,Success
Ridge Regression,0.5362779958433713,1.2532792189354796,0.7531992404863036,0.01641249656677246,Success
