,r2,rmse,mae,n_train,n_test
Season 13 start -> Season 13 end,0.4276504719415005,1.0117636820203948,0.7502654259757489,81.0,258.0
Season 13 start -> Season 14 start,0.32623658199240557,1.4289167245016154,0.9627808181984273,81.0,268.0
Season 13 start -> Season 14 end,0.33553504643468535,1.1839176713161847,0.8043279813264357,81.0,373.0
Season 13 end -> Season 14 start,0.41902310151546596,1.3268830235032663,0.7547075333075248,258.0,268.0
Season 13 end -> Season 14 end,0.675324880253136,0.8275799643370344,0.4869729259139155,258.0,373.0
Season 14 start -> Season 14 end,0.619167709332491,0.896297831469542,0.5952559675575539,268.0,373.0
