,r2,rmse,mae,n_train,n_test
Season 13 start -> Season 13 end,0.3568016307483749,1.0725582526337338,0.7906662727687381,81.0,258.0
Season 13 start -> Season 14 start,0.37603874826386274,1.3750928252301717,0.9151756416585736,81.0,268.0
Season 13 start -> Season 14 end,0.3288927838762056,1.1898204182777694,0.7859442989510433,81.0,373.0
Season 13 end -> Season 14 start,0.4628518374075501,1.2758518655947044,0.7231040305466256,258.0,268.0
Season 13 end -> Season 14 end,0.6810759521558141,0.8202176244893183,0.4818947944805505,258.0,373.0
Season 14 start -> Season 14 end,0.631506359465892,0.8816586277330288,0.60240774414776,268.0,373.0
